{
  "minecraft:entity": {
    "format_version": "1.1.0",

    "component_groups": {
    },

    "components": {
      "minecraft:identifier": {
        "id": "minecraft:boat"
      },
      "minecraft:collision_box": {
        "width": 1.4,
        "height": 0.455
      },
      "minecraft:rideable": {
        "seat_count": 2,
        "interact_text": "action.interact.ride.boat",
        "seats": [
          {
            "position": [0.0, -0.2, 0.0],
            "min_rider_count": 0,
            "max_rider_count": 1,

            "rotate_rider_by": -90,
            "lock_rider_rotation": 90
          },
          {
            "position": [0.2, -0.2, 0.0],
            "min_rider_count": 2,
            "max_rider_count": 2,

            "rotate_rider_by": -90,
            "lock_rider_rotation": 90
          },
          {
            "position": [ -0.6, -0.2, 0.0],
            "min_rider_count": 2,
            "max_rider_count": 2,

            "lock_rider_rotation": 90
          }
        ]
      },
      "minecraft:is_stackable": {
      }      
    },

    "events": {
    }
  }
}